Title, Link, Keywords, Data
This was a man-made disaster: Residents of Kerala’s flood-ravaged Chellanam village,https://news.google.com/articles/CAIiEDDiwL5KuIB8_9T9MNeJiowqGQgEKhAIACoHCAowm52QCzC9haQDMNvvtgY?hl=en-IN&gl=IN&ceid=IN%3Aen,bund villages, 
India’s flawed approach to dam operations contributes to floods: Himanshu Thakkar,https://news.google.com/articles/CAIiEORnjh-W1qzmL46ojqYEvtQqGQgEKhAIACoHCAowm52QCzC9haQDMNvvtgY?hl=en-IN&gl=IN&ceid=IN%3Aen,upstream, 
Kancha Ilaiah Shepherd: “Saraswathi would kill our children”,https://news.google.com/articles/CBMiQ2h0dHBzOi8vY2FyYXZhbm1hZ2F6aW5lLmluL2VkdWNhdGlvbi9rYW5jaGEtaWxhaWFoLXNoZXBoYXJkLW1lbW9pcnPSAUdodHRwczovL2NhcmF2YW5tYWdhemluZS5pbi9hbXAvZWR1Y2F0aW9uL2thbmNoYS1pbGFpYWgtc2hlcGhhcmQtbWVtb2lycw?hl=en-IN&gl=IN&ceid=IN%3Aen,bund, 
The attempt to inoculate Himachal’s Malana village amid vaccine hesitancy,https://news.google.com/articles/CBMiYWh0dHBzOi8vY2FyYXZhbm1hZ2F6aW5lLmluL3Bob3RvLWVzc2F5L2F0dGVtcHQtdG8taW5vY3VsYXRlLW1hbGFuYS12aWxsYWdlLWFtaWQtdmFjY2luZS1oZXNpdGFuY3nSAWVodHRwczovL2NhcmF2YW5tYWdhemluZS5pbi9hbXAvcGhvdG8tZXNzYXkvYXR0ZW1wdC10by1pbm9jdWxhdGUtbWFsYW5hLXZpbGxhZ2UtYW1pZC12YWNjaW5lLWhlc2l0YW5jeQ?hl=en-IN&gl=IN&ceid=IN%3Aen,villages, 
How medics in a UP village handled COVID-19 in absence of government aid,https://news.google.com/articles/CBMiZ2h0dHBzOi8vY2FyYXZhbm1hZ2F6aW5lLmluL3ZpZGVvL2hvdy1tZWRpY3MtaW4tdXAtdmlsbGFnZS1oYW5kbGVkLWNvdmlkLTE5LWluLWFic2VuY2Utb2YtZ292ZXJubWVudC1haWTSAQA?hl=en-IN&gl=IN&ceid=IN%3Aen,villages, 
“Never seen anything like this”: How Cyclone Yaas impacted farmers’ livelihoods in Bengal,https://news.google.com/articles/CAIiEN1Q_BYlNI3oqdmTXFnt-r0qGQgEKhAIACoHCAowm52QCzC9haQDMNvvtgY?hl=en-IN&gl=IN&ceid=IN%3Aen,villages, 
The Brahmanical roots of Vikas Dubey's cult of personality,https://news.google.com/articles/CBMiT2h0dHBzOi8vY2FyYXZhbm1hZ2F6aW5lLmluL2Nhc3RlL2JyYWhtYW5pY2FsLXJvb3RzLXZpa2FzLWR1YmV5LWN1bHQtcGVyc29uYWxpdHnSAQA?hl=en-IN&gl=IN&ceid=IN%3Aen,villages, 
How the lives of UP’s teachers were risked for an election,https://news.google.com/articles/CAIiEEGyne-SmhoENATP5DQnunYqGQgEKhAIACoHCAowm52QCzC9haQDMNvvtgY?hl=en-IN&gl=IN&ceid=IN%3Aen,villages, 
With no health infrastructure amid COVID-19 second wave  fear and death stalk UP villages,https://news.google.com/articles/CAIiEOOmnAvgrkmHE4glizG-lwYqGQgEKhAIACoHCAowm52QCzC9haQDMNvvtgY?hl=en-IN&gl=IN&ceid=IN%3Aen,villages, 
Caught in the twilight zone between India and Pakistan  border villages struggle to survive,https://news.google.com/articles/CAIiEN8ogh9K2BIz3E43QB9iY1wqGQgEKhAIACoHCAowm52QCzC9haQDMNvvtgY?hl=en-IN&gl=IN&ceid=IN%3Aen,villages, 
The human consequences of colonial cartography explored in a recent book,https://news.google.com/articles/CAIiEHleFuGLfGQh-p4jL4CluFIqGQgEKhAIACoHCAowm52QCzC9haQDMNvvtgY?hl=en-IN&gl=IN&ceid=IN%3Aen,villages, 
Villagers in Varanasi turn to Dih Baba  goddesses and rituals to ward off COVID-19,https://news.google.com/articles/CAIiELc6FRDo1arJd9WqHVD8bMwqGQgEKhAIACoHCAowm52QCzC9haQDMNvvtgY?hl=en-IN&gl=IN&ceid=IN%3Aen,villages, 
Disdain for media has spread to the villages: Ex-ABP News scribe who quit in protest,https://news.google.com/articles/CAIiEEKtedhnVP5Jh7m2oP4e6LQqGQgEKhAIACoHCAowm52QCzC9haQDMNvvtgY?hl=en-IN&gl=IN&ceid=IN%3Aen,villages, 
Punjab villages resist government health checks for COVID-19,https://news.google.com/articles/CAIiEJ6BdlhN7TDYlry8l82gF6wqGQgEKhAIACoHCAowm52QCzC9haQDMNvvtgY?hl=en-IN&gl=IN&ceid=IN%3Aen,villages, 
Of deaths and disease: How the terror of COVID-19 besieged my village in Baghpat  UP,https://news.google.com/articles/CAIiEPrwrWJ_GyI8dWanGEfq2-IqGQgEKhAIACoHCAowm52QCzC9haQDMNvvtgY?hl=en-IN&gl=IN&ceid=IN%3Aen,villages, 
Khori Gaon residents on the fear of demolition ordered by the Supreme Court,https://news.google.com/articles/CBMibGh0dHBzOi8vY2FyYXZhbm1hZ2F6aW5lLmluL3ZpZGVvL2tob3JpLWdhb24tcmVzaWRlbnRzLW9uLXRoZS1mZWFyLW9mLWRlbW9saXRpb24tb3JkZXJlZC1ieS10aGUtc3VwcmVtZS1jb3VydNIBAA?hl=en-IN&gl=IN&ceid=IN%3Aen,villages, 
Rakesh Tikait  Yogendra Yadav address thousands gathered at Sikar mahapanchayat in Rajasthan against farm laws,https://news.google.com/articles/CAIiELSUx_S7KqW3liqQ7c1nbUwqGQgEKhAIACoHCAowm52QCzC9haQDMNvvtgY?hl=en-IN&gl=IN&ceid=IN%3Aen,villages, 
In Assam village  BJP MLAs target Muslims in NRC; label them “illegal settlers ” government demolishes homes,https://news.google.com/articles/CAIiELyonW3Bc3HYxgvzoe7cjFcqGQgEKhAIACoHCAowm52QCzC9haQDMNvvtgY?hl=en-IN&gl=IN&ceid=IN%3Aen,villages, 
In a Madhya Pradesh village  no FIR registered two months after RSS attack on Adivasi family,https://news.google.com/articles/CAIiEKwIKCe5Cm93TFschHUxOKgqGQgEKhAIACoHCAowm52QCzC9haQDMNvvtgY?hl=en-IN&gl=IN&ceid=IN%3Aen,villages, 
Chausa residents say bodies in Ganga dumped there itself,https://news.google.com/articles/CAIiEBSUixlsVTnBl61bF7mXGGQqGQgEKhAIACoHCAowm52QCzC9haQDMNvvtgY?hl=en-IN&gl=IN&ceid=IN%3Aen,villages, 
Anger in Haryana's Titoli village after dozens of COVID-19 deaths,https://news.google.com/articles/CBMiQGh0dHBzOi8vY2FyYXZhbm1hZ2F6aW5lLmluL3ZpZGVvL2hhcnlhbmEtdGl0b2xpLXZpbGxhZ2UtY292aWQtMTnSAQA?hl=en-IN&gl=IN&ceid=IN%3Aen,villages, 
Spread of COVID-19 in rural Bihar quickened by failure to test returning migrants,https://news.google.com/articles/CAIiEKJnIg8ctY2yVk_3XSOjnUUqGQgEKhAIACoHCAowm52QCzC9haQDMNvvtgY?hl=en-IN&gl=IN&ceid=IN%3Aen,villages, 
Why the Akali Dal–BSP alliance in Punjab is an act of opportunism,https://news.google.com/articles/CAIiEJF1O6_zSDdI14C7Xbkg9mAqGQgEKhAIACoHCAowm52QCzC9haQDMNvvtgY?hl=en-IN&gl=IN&ceid=IN%3Aen,villages, 
Bela Bhatia and Jean Drèze on the death of three Adivasi protestors from the Gond tribe in police firing,https://news.google.com/articles/CBMiYmh0dHBzOi8vY2FyYXZhbm1hZ2F6aW5lLmluL25vdGljZWJvYXJkL3Byb3Rlc3RzLWluLWJhc3Rhci1hZ2FpbnN0LWNycGYtY2FtcC1iZWxhLWJoYXRpYS1qZWFuLWRyZXpl0gEA?hl=en-IN&gl=IN&ceid=IN%3Aen,villages, 
Residents blame state government and bureaucracy for Meerut’s deadly second wave of COVID-19,https://news.google.com/articles/CAIiEGyf_1J4GX9OZd-2j6P17SAqGQgEKhAIACoHCAowm52QCzC9haQDMNvvtgY?hl=en-IN&gl=IN&ceid=IN%3Aen,villages, 
Why Adivasis mistrust Jharkhand's COVID-19 measures,https://news.google.com/articles/CAIiEB51Al_aYaOCxcxozJdHn-AqGQgEKhAIACoHCAowm52QCzC9haQDMNvvtgY?hl=en-IN&gl=IN&ceid=IN%3Aen,villages, 
In UP’s Lakhimpur Kheri  Kahar man says Brahmins killed pregnant wife over use of handpump,https://news.google.com/articles/CAIiEPkCHEVUnE_-6iP34xVge3oqGQgEKhAIACoHCAowm52QCzC9haQDMNvvtgY?hl=en-IN&gl=IN&ceid=IN%3Aen,villages, 
How Assam’s upper-caste controlled media reinforces the othering of tribal communities,https://news.google.com/articles/CAIiEMoQzLwPzj8TepyTXCnXONkqGQgEKhAIACoHCAowm52QCzC9haQDMNvvtgY?hl=en-IN&gl=IN&ceid=IN%3Aen,villages, 
Caste-based social engineering can help BJP win Muzaffarnagar panchayat elections,https://news.google.com/articles/CAIiEDKY7nbOkr73tlkg7TCbP98qGQgEKhAIACoHCAowm52QCzC9haQDMNvvtgY?hl=en-IN&gl=IN&ceid=IN%3Aen,villages, 
How one-teacher Ekal schools helped the spread of Hindutva in rural West Bengal,https://news.google.com/articles/CAIiEO_cuC4nJP_FMzs7_U8oDd4qGQgEKhAIACoHCAowm52QCzC9haQDMNvvtgY?hl=en-IN&gl=IN&ceid=IN%3Aen,villages, 
Dalit  OBC devotees in Ayodhya oppose attempt to displace them for tallest Ram statue,https://news.google.com/articles/CAIiEMOafdO_P1qfl_uTQ2ZG-qQqGQgEKhAIACoHCAowm52QCzC9haQDMNvvtgY?hl=en-IN&gl=IN&ceid=IN%3Aen,villages, 
“This is a mass movement”: Haryana’s farmers boost protest  call Punjab farmers “big brothers”,https://news.google.com/articles/CAIiEH4iW9mJWJf6i5lQbrqus0cqGQgEKhAIACoHCAowm52QCzC9haQDMNvvtgY?hl=en-IN&gl=IN&ceid=IN%3Aen,villages, 
We’re targeted for exposing government mismanagement: Journalists on Bihar media crackdown,https://news.google.com/articles/CAIiEF4m4moxkyv7NQgBLP-OeMwqGQgEKhAIACoHCAowm52QCzC9haQDMNvvtgY?hl=en-IN&gl=IN&ceid=IN%3Aen,villages, 
In the farm protests  are Punjab’s landless peasants getting left behind?,https://news.google.com/articles/CAIiELpUTpSAKckeGTozCclPJ9sqGQgEKhAIACoHCAowm52QCzC9haQDMNvvtgY?hl=en-IN&gl=IN&ceid=IN%3Aen,villages, 
Families of Nandigram “martyrs” divided on religious lines  many express anger against TMC,https://news.google.com/articles/CAIiEKIBrwJV5h4TmYHAl0loYF4qGQgEKhAIACoHCAowm52QCzC9haQDMNvvtgY?hl=en-IN&gl=IN&ceid=IN%3Aen,villages, 
50 solar charkha projects in the pipeline but pilot project lies defunct since May 2019,https://news.google.com/articles/CAIiEI7xMG0dso7ax1xS7cfKm7EqGQgEKhAIACoHCAowm52QCzC9haQDMNvvtgY?hl=en-IN&gl=IN&ceid=IN%3Aen,villages, 
What a food park in Bihar’s Khagaria can tell us about the future of corporate agriculture in India,https://news.google.com/articles/CAIiEK0Q3ll79UwTP4PV3pkXmUoqGQgEKhAIACoHCAowm52QCzC9haQDMNvvtgY?hl=en-IN&gl=IN&ceid=IN%3Aen,villages, 
Thousands attend Kariri mahapanchayat to support Rakesh Tikait  farm protests,https://news.google.com/articles/CAIiEPASeVN2C9vsIlTchNS_vo4qGQgEKhAIACoHCAowm52QCzC9haQDMNvvtgY?hl=en-IN&gl=IN&ceid=IN%3Aen,villages, 
Why Punjab CM’s decision to offer plum jobs to sons of Congress MLAs defies reason,https://news.google.com/articles/CAIiEAOQh0V2ft4GN3aC0h3cAVwqGQgEKhAIACoHCAowm52QCzC9haQDMNvvtgY?hl=en-IN&gl=IN&ceid=IN%3Aen,villages, 
For Bihar’s women  benefits of prohibition wane as alcoholism persists in their villages,https://news.google.com/articles/CBMiW2h0dHBzOi8vY2FyYXZhbm1hZ2F6aW5lLmluL2dlbmRlci9iaWhhci13b21lbi1wcm9oaWJpdGlvbi1iZW5lZml0cy13YW5lLWFsY29ob2xpc20tcGVyc2lzdHPSAV9odHRwczovL2NhcmF2YW5tYWdhemluZS5pbi9hbXAvZ2VuZGVyL2JpaGFyLXdvbWVuLXByb2hpYml0aW9uLWJlbmVmaXRzLXdhbmUtYWxjb2hvbGlzbS1wZXJzaXN0cw?hl=en-IN&gl=IN&ceid=IN%3Aen,villages, 
In UP’s Taprana  Muslims forced to sell houses and flee after police crackdown,https://news.google.com/articles/CAIiEJ273Dy8TahiibI-4N-jk3EqGQgEKhAIACoHCAowm52QCzC9haQDMNvvtgY?hl=en-IN&gl=IN&ceid=IN%3Aen,villages, 
The long battle of Hasdeo Arand residents against the Parsa coal project in Chhattisgarh,https://news.google.com/articles/CAIiEGBrgt1Ato9Nl5IoUj29uE8qGQgEKhAIACoHCAowm52QCzC9haQDMNvvtgY?hl=en-IN&gl=IN&ceid=IN%3Aen,villages, 
“When those in power get arrogant  they lose:” UP farmers to join protests,https://news.google.com/articles/CAIiEM5__7Kuh52AFSmnrFJFLP0qGQgEKhAIACoHCAowm52QCzC9haQDMNvvtgY?hl=en-IN&gl=IN&ceid=IN%3Aen,villages, 
In Telangana  rising OBC-led anti-Dalit violence points to Hindutva’s inroads in the state,https://news.google.com/articles/CAIiEPefO9c9o3FxZfl1qF30BZ0qGQgEKhAIACoHCAowm52QCzC9haQDMNvvtgY?hl=en-IN&gl=IN&ceid=IN%3Aen,villages, 
A century apart  currents of dissent bridge the farmers’ protests and the Muzara Movement,https://news.google.com/articles/CAIiECFnYWEODxCJwhg44GAdBEIqGQgEKhAIACoHCAowm52QCzC9haQDMNvvtgY?hl=en-IN&gl=IN&ceid=IN%3Aen,villages, 
A Rajasthan village's watershed-management promotes equality,https://news.google.com/articles/CBMia2h0dHBzOi8vY2FyYXZhbm1hZ2F6aW5lLmluL2Vudmlyb25tZW50L3JhamFzdGhhbi12aWxsYWdlLXdhdGVyc2hlZC1tYW5hZ2VtZW50LXBsYW4tcHJvbW90ZXMtZ2VuZGVyLWVxdWFsaXR50gEA?hl=en-IN&gl=IN&ceid=IN%3Aen,villages, 
Poverty  panic and panchayat polls led to mass burial of bodies along UP riverbanks,https://news.google.com/articles/CAIiENZNNTvfLmQD4PANPmOEYAgqGQgEKhAIACoHCAowm52QCzC9haQDMNvvtgY?hl=en-IN&gl=IN&ceid=IN%3Aen,villages, 
Mandeep Punia's dispatch from Tihar: Jailed farmers remain steadfast  defiant,https://news.google.com/articles/CAIiEKyeLC32nMFf0kxNUXZGUnwqGQgEKhAIACoHCAowm52QCzC9haQDMNvvtgY?hl=en-IN&gl=IN&ceid=IN%3Aen,villages, 
Punjab Panchayats  lawyers step up efforts to aid farmers’ protests post 26 January rally,https://news.google.com/articles/CAIiELQOeZL7gPpuQTApX2LAYtcqGQgEKhAIACoHCAowm52QCzC9haQDMNvvtgY?hl=en-IN&gl=IN&ceid=IN%3Aen,villages, 
A Himalayan village's struggle to assert its forest rights,https://news.google.com/articles/CBMiUGh0dHBzOi8vY2FyYXZhbm1hZ2F6aW5lLmluL2xlZGUvaGltYWxheWFuLXZpbGxhZ2VzLXN0cnVnZ2xlLWFzc2VydC1mb3Jlc3QtcmlnaHRz0gEA?hl=en-IN&gl=IN&ceid=IN%3Aen,villages, 
Six months on  farmers at Delhi’s borders are here to stay,https://news.google.com/articles/CAIiEBKfGnjoXFo28vSqeQSY7tkqGQgEKhAIACoHCAowm52QCzC9haQDMNvvtgY?hl=en-IN&gl=IN&ceid=IN%3Aen,villages, 
Upper castes are trying to suppress us: Father of Nishad girl raped  murdered in UP’s Jaunpur,https://news.google.com/articles/CAIiEGnJYZtJJfrrpu93ducbhhIqGQgEKhAIACoHCAowm52QCzC9haQDMNvvtgY?hl=en-IN&gl=IN&ceid=IN%3Aen,villages, 
Why a minor who accused the Haryana police of custodial rape is still held in state custody,https://news.google.com/articles/CAIiEDH-NzAmS2L_hJbAbT9hk3gqGQgEKhAIACoHCAowm52QCzC9haQDMNvvtgY?hl=en-IN&gl=IN&ceid=IN%3Aen,villages, 
How Assam’s Baghjan gas well blowout impacted lives  livelihoods and the environment,https://news.google.com/articles/CAIiEMhlNgKp3y4BxAckjcL_8-QqGQgEKhAIACoHCAowm52QCzC9haQDMNvvtgY?hl=en-IN&gl=IN&ceid=IN%3Aen,villages, 
An online platform amplifies stories from rural communities,https://news.google.com/articles/CBMiVGh0dHBzOi8vY2FyYXZhbm1hZ2F6aW5lLmluL21lZGlhL29ubGluZS1wbGF0Zm9ybS1hbXBsaWZpZXMtc3Rvcmllcy1ydXJhbC1jb21tdW5pdGllc9IBAA?hl=en-IN&gl=IN&ceid=IN%3Aen,villages, 
Caste impunity and gender violence behind murder of Dalit garment worker in Tamil Nadu,https://news.google.com/articles/CAIiEGQADXuIxKD1Uv0LQWsM2ZsqGQgEKhAIACoHCAowm52QCzC9haQDMNvvtgY?hl=en-IN&gl=IN&ceid=IN%3Aen,villages, 
Clearing air pollution between India and Pakistan,https://news.google.com/articles/CAIiEESe_Tb5CB1e0pe7lcZkNkQqGQgEKhAIACoHCAowm52QCzC9haQDMNvvtgY?hl=en-IN&gl=IN&ceid=IN%3Aen,villages, 
NHRC acts on complaint of journalists being targeted amid lockdown in Varanasi,https://news.google.com/articles/CAIiEJqS3P4x0DQkN1V3oTZ8PpwqGQgEKhAIACoHCAowm52QCzC9haQDMNvvtgY?hl=en-IN&gl=IN&ceid=IN%3Aen,villages, 
The pandemic might have helped a global polio resurgence,https://news.google.com/articles/CBMiWmh0dHBzOi8vY2FyYXZhbm1hZ2F6aW5lLmluL2hlYWx0aC90aGUtcGFuZGVtaWMtbWlnaHQtaGF2ZS1oZWxwZWQtYS1nbG9iYWwtcG9saW8tcmVzdXJnZW5jZdIBAA?hl=en-IN&gl=IN&ceid=IN%3Aen,villages, 
How women panchayati officials in Bihar are challenging the practice of proxy candidates,https://news.google.com/articles/CBMiaGh0dHBzOi8vY2FyYXZhbm1hZ2F6aW5lLmluL3BvbGljeS9iaWhhci13b21lbi1wYW5jaGF5YXRpLW9mZmljaWFscy1jaGFsbGVuZ2luZy1wcmFjdGljZS1wcm94eS1jYW5kaWRhdGVz0gFsaHR0cHM6Ly9jYXJhdmFubWFnYXppbmUuaW4vYW1wL3BvbGljeS9iaWhhci13b21lbi1wYW5jaGF5YXRpLW9mZmljaWFscy1jaGFsbGVuZ2luZy1wcmFjdGljZS1wcm94eS1jYW5kaWRhdGVz?hl=en-IN&gl=IN&ceid=IN%3Aen,villages, 
How anthropology shaped the discourse on tribes in India,https://news.google.com/articles/CBMiPWh0dHBzOi8vY2FyYXZhbm1hZ2F6aW5lLmluL2Jvb2tzL2FudGhyb3BvbG9naXN0cy10cmliZXMtaW5kaWHSAQA?hl=en-IN&gl=IN&ceid=IN%3Aen,villages, 
I told myself Tihar is my beat: Mandeep Punia on journalism  jail and reporting in prison,https://news.google.com/articles/CAIiEIDSvJduRYseUraYLPsuaqAqGQgEKhAIACoHCAowm52QCzC9haQDMNvvtgY?hl=en-IN&gl=IN&ceid=IN%3Aen,villages, 
Adivasi Christians face widespread persecution in Chhattisgarh  pressurised into ghar vapsi,https://news.google.com/articles/CAIiEOZi4TJNQC4ME5R5015A0IMqGQgEKhAIACoHCAowm52QCzC9haQDMNvvtgY?hl=en-IN&gl=IN&ceid=IN%3Aen,villages, 
Three Brahmins arrested for burning a 12-year-old tribal domestic worker to death in Assam,https://news.google.com/articles/CAIiEFXjrm6SG-A_suyhaKLUC2cqGQgEKhAIACoHCAowm52QCzC9haQDMNvvtgY?hl=en-IN&gl=IN&ceid=IN%3Aen,villages, 
Bimal Gurung’s waning political popularity reflects the economic struggles of Gorkhas,https://news.google.com/articles/CBMifGh0dHBzOi8vY2FyYXZhbm1hZ2F6aW5lLmluL3Bob3RvLWVzc2F5L2JpbWFsLWd1cnVuZ3Mtd2FuaW5nLXBvbGl0aWNhbC1wb3B1bGFyaXR5LXJlZmxlY3RzLXRoZS1lY2Vvbm9taWMtc3RydWdnbGVzLW9mLWdvcmtoYXPSAYABaHR0cHM6Ly9jYXJhdmFubWFnYXppbmUuaW4vYW1wL3Bob3RvLWVzc2F5L2JpbWFsLWd1cnVuZ3Mtd2FuaW5nLXBvbGl0aWNhbC1wb3B1bGFyaXR5LXJlZmxlY3RzLXRoZS1lY2Vvbm9taWMtc3RydWdnbGVzLW9mLWdvcmtoYXM?hl=en-IN&gl=IN&ceid=IN%3Aen,villages, 
How Jharkhand’s Mandal dam could destroy the environment  livelihoods  and 3.4 lakh trees,https://news.google.com/articles/CAIiEI9JGLawpe8UUwtw0CKDXRcqGQgEKhAIACoHCAowm52QCzC9haQDMNvvtgY?hl=en-IN&gl=IN&ceid=IN%3Aen,villages, 
The Goa government’s failure to rehabilitate truckers after the state’s mining halt,https://news.google.com/articles/CAIiECksiDS2c4INxmS8p8GseP4qGQgEKhAIACoHCAowm52QCzC9haQDMNvvtgY?hl=en-IN&gl=IN&ceid=IN%3Aen,villages, 
BJP’s “land-jihad” bogey in J&K backfires with members accused of encroaching state land,https://news.google.com/articles/CAIiEOpUQOa9NtdZs0VMhjZPDfcqGQgEKhAIACoHCAowm52QCzC9haQDMNvvtgY?hl=en-IN&gl=IN&ceid=IN%3Aen,villages, 
Tikait’s speech  farm stir pivot western Uttar Pradesh’s farmers against BJP,https://news.google.com/articles/CAIiEKOQTjfOGnUiOob6azYzn_kqGQgEKhAIACoHCAowm52QCzC9haQDMNvvtgY?hl=en-IN&gl=IN&ceid=IN%3Aen,villages, 
Farmers at Kundli upset over media misrepresentation  accusations; confront “godi media”,https://news.google.com/articles/CAIiEGFNFIyYhjAlfMnQEDTecekqGQgEKhAIACoHCAowm52QCzC9haQDMNvvtgY?hl=en-IN&gl=IN&ceid=IN%3Aen,villages, 
Ghazipur residents say UP police trying its best to thwart Republic Day tractor rally,https://news.google.com/articles/CAIiEDqfd6oRPNXqDbQaR6JH1f4qGQgEKhAIACoHCAowm52QCzC9haQDMNvvtgY?hl=en-IN&gl=IN&ceid=IN%3Aen,villages, 
Mosque in UP demolished in violation of HC order; locals maintain construction was legal,https://news.google.com/articles/CAIiEGVK00rghvedJcJhUcQL3-YqGQgEKhAIACoHCAowm52QCzC9haQDMNvvtgY?hl=en-IN&gl=IN&ceid=IN%3Aen,villages, 
How Bihar’s weak public health and food infrastructure is failing its citizens,https://news.google.com/articles/CAIiEIKbsdQ1hEaEYam5lPXzQnwqGQgEKhAIACoHCAowm52QCzC9haQDMNvvtgY?hl=en-IN&gl=IN&ceid=IN%3Aen,villages, 
No divisiveness here: Farmers welcome all solidarity at the Kundli protest,https://news.google.com/articles/CAIiEDHPJSR42z7Gd2XhncTDp-cqGQgEKhAIACoHCAowm52QCzC9haQDMNvvtgY?hl=en-IN&gl=IN&ceid=IN%3Aen,villages, 
A rural classical-music festival unites aficionados from all walks of life,https://news.google.com/articles/CBMiUWh0dHBzOi8vY2FyYXZhbm1hZ2F6aW5lLmluL2FydHMvcnVyYWwtY2xhc3NpY2FsLW11c2ljLWZlc3RpdmFsLXVuaXRlcy1hZmljaW9uYWRvc9IBAA?hl=en-IN&gl=IN&ceid=IN%3Aen,villages, 
Rajasthan government’s violent crackdown on protests an attempt to silence Adivasi assertion,https://news.google.com/articles/CAIiEE2wi-E8nlXniIccp_HYKWYqGQgEKhAIACoHCAowm52QCzC9haQDMNvvtgY?hl=en-IN&gl=IN&ceid=IN%3Aen,villages, 
If rulers get stubborn it’s a crime to sit at home: Punjab farmers’ protests get popular support,https://news.google.com/articles/CAIiELQdXkLV33yJQUrJfvdJDvAqGQgEKhAIACoHCAowm52QCzC9haQDMNvvtgY?hl=en-IN&gl=IN&ceid=IN%3Aen,villages, 
Arrest of anti-caste leader in Gorakhpur a strong indicator of UP’s Thakur dominance,https://news.google.com/articles/CAIiECNdD5-7iZ5Gdh141ATNBH8qGQgEKhAIACoHCAowm52QCzC9haQDMNvvtgY?hl=en-IN&gl=IN&ceid=IN%3Aen,villages, 
We all refused: Adivasis contest lease of 2 730 acres to private firm in Attappady  Kerala,https://news.google.com/articles/CAIiEJAyX_gDppmhjhFcKJURVNYqGQgEKhAIACoHCAowm52QCzC9haQDMNvvtgY?hl=en-IN&gl=IN&ceid=IN%3Aen,villages, 
Left  Khaps  Gender  Caste: The solidarities propping up the farmers’ protest,https://news.google.com/articles/CAIiEOD5lalifE-0vI8T6R__uckqGQgEKhAIACoHCAowm52QCzC9haQDMNvvtgY?hl=en-IN&gl=IN&ceid=IN%3Aen,villages, 
Telangana farmers didn’t join protests because MSP is already below costs: GV Ramanjaneyulu,https://news.google.com/articles/CAIiECyaSHZ1FgIvT4krIngNq4EqGQgEKhAIACoHCAowm52QCzC9haQDMNvvtgY?hl=en-IN&gl=IN&ceid=IN%3Aen,villages, 
In photos: Over a lakh farmers  labourers pledge unity at Mazdoor Kisan Ekta Maha rally at Barnala,https://news.google.com/articles/CAIiEBBTo2c8-YV9n2dbpWM1kx8qGQgEKhAIACoHCAowm52QCzC9haQDMNvvtgY?hl=en-IN&gl=IN&ceid=IN%3Aen,villages, 
The COVID-19 lockdown is driving milk businesses in western Uttar Pradesh to the ground,https://news.google.com/articles/CAIiEHunYOQis5w2oFPdv_-Is6wqGQgEKhAIACoHCAowm52QCzC9haQDMNvvtgY?hl=en-IN&gl=IN&ceid=IN%3Aen,villages, 
Life at Ground Zero,https://news.google.com/articles/CBMiXGh0dHBzOi8vY2FyYXZhbm1hZ2F6aW5lLmluL3Bob3RvLWVzc2F5L2RvY3VtZW50aW5nLWVmZmVjdHMtbnVjbGVhci10ZXN0aW5nLXBva2hyYW4tcmVzaWRlbnRz0gEA?hl=en-IN&gl=IN&ceid=IN%3Aen,villages, 
Assam MLA Ashraful Hussain on elections  NRC and development,https://news.google.com/articles/CAIiEJ9ZCzXUDUCvUfw4f9N7dZYqGQgEKhAIACoHCAowm52QCzC9haQDMNvvtgY?hl=en-IN&gl=IN&ceid=IN%3Aen,villages, 
Under pressure from Sikh clergy  Punjab Police book ten-year-old Dalit girl for sacrilege,https://news.google.com/articles/CAIiEDqelpfhT07S2Scj5hcy0s4qGQgEKhAIACoHCAowm52QCzC9haQDMNvvtgY?hl=en-IN&gl=IN&ceid=IN%3Aen,villages, 
In rural UP  government messaging on COVID absent; rumour and superstition thrive,https://news.google.com/articles/CAIiEK4R7Ok3Y2fSvpOmJQdInmcqGQgEKhAIACoHCAowm52QCzC9haQDMNvvtgY?hl=en-IN&gl=IN&ceid=IN%3Aen,villages, 
Gujjars and Bakerwals bear the brunt of BJP’s “land jihad” bogey in Jammu and Kashmir,https://news.google.com/articles/CAIiEPfvXCJ6IVB6VzgpqVB_w-YqGQgEKhAIACoHCAowm52QCzC9haQDMNvvtgY?hl=en-IN&gl=IN&ceid=IN%3Aen,villages, 
In Assam’s Mohatoli  victims of a road accident en route to hearing excluded from NRC,https://news.google.com/articles/CAIiEKodFzs4QqtwRMYKuilhHawqGQgEKhAIACoHCAowm52QCzC9haQDMNvvtgY?hl=en-IN&gl=IN&ceid=IN%3Aen,villages, 
The women protesting the Kudankulam nuclear plant,https://news.google.com/articles/CAIiEBxdBd52pkqrFo0Gl1V10U4qGQgEKhAIACoHCAowm52QCzC9haQDMNvvtgY?hl=en-IN&gl=IN&ceid=IN%3Aen,villages, 
How the Punjab Police persecuted poor Dalit Sikhs under the UAPA with little evidence,https://news.google.com/articles/CAIiEC_klubSOoTc2tnUX62Z9NkqGQgEKhAIACoHCAowm52QCzC9haQDMNvvtgY?hl=en-IN&gl=IN&ceid=IN%3Aen,villages, 
Many doctors in Delhi hospitals refuse Covaxin,https://news.google.com/articles/CBMiXmh0dHBzOi8vY2FyYXZhbm1hZ2F6aW5lLmluL2hlYWx0aC9tYW55LWRvY3RvcnMtaW4tZ292ZXJubWVudC1ob3NwaXRhbHMtaW4tZGVsaGktcmVmdXNlLWNvdmF4aW7SAQA?hl=en-IN&gl=IN&ceid=IN%3Aen,villages, 
American Bar Association urges Indian courts to grant bail to Bhima Koregaon accused,https://news.google.com/articles/CBMidmh0dHBzOi8vY2FyYXZhbm1hZ2F6aW5lLmluL25vdGljZWJvYXJkL2FtZXJpY2FuLWJhci1hc3NvY2lhdGlvbi11cmdlcy1jb3VydHMtdG8tZ3JhbnQtYmFpbC10by1iaGltYS1rb3JlZ2Fvbi1kZXRhaW5lZXPSAQA?hl=en-IN&gl=IN&ceid=IN%3Aen,villages, 
The enduring challenges of mitigating human–elephant conflict,https://news.google.com/articles/CBMiUmh0dHBzOi8vY2FyYXZhbm1hZ2F6aW5lLmluL2Vudmlyb25tZW50L2VuZHVyaW5nLWNoYWxsZW5nZXMtaHVtYW4tZWxlcGhhbnQtY29uZmxpY3TSAQA?hl=en-IN&gl=IN&ceid=IN%3Aen,villages, 
BJP fired ex-Uttarakhand CM TS Rawat for restricting Kumbh,https://news.google.com/articles/CAIiEDcvETZ16iJeF8vTIkiLJEEqGQgEKhAIACoHCAowm52QCzC9haQDMNvvtgY?hl=en-IN&gl=IN&ceid=IN%3Aen,villages, 
Landless Mahadalits in Bihar’s Bahuarwa have no hope from Modi’s election promises,https://news.google.com/articles/CAIiEBsANVOiPxCalEGDtnIqfpUqGQgEKhAIACoHCAowm52QCzC9haQDMNvvtgY?hl=en-IN&gl=IN&ceid=IN%3Aen,villages, 
If we give the Hasdeo forest  where will we go?: Jainandan Porte on mining protests in Chhattisgarh,https://news.google.com/articles/CBMiSmh0dHBzOi8vY2FyYXZhbm1hZ2F6aW5lLmluL2NvbW11bml0aWVzL2NvYWwtbWluaW5nLWhhc2Rlby1mb3Jlc3RzLXByb3Rlc3Rz0gFOaHR0cHM6Ly9jYXJhdmFubWFnYXppbmUuaW4vYW1wL2NvbW11bml0aWVzL2NvYWwtbWluaW5nLWhhc2Rlby1mb3Jlc3RzLXByb3Rlc3Rz?hl=en-IN&gl=IN&ceid=IN%3Aen,villages, 
On eve of Delhi Chalo protest  Punjab farmers prepare langar at sealed Haryana border,https://news.google.com/articles/CAIiEM8FUomgMAHh-4UW9iRNksIqGQgEKhAIACoHCAowm52QCzC9haQDMNvvtgY?hl=en-IN&gl=IN&ceid=IN%3Aen,villages, 
Over 20 000 gather at Haryana’s Charkhi Dadri mahapanchayat against farm laws,https://news.google.com/articles/CAIiEMGmh8kLlUp7t3Ul46-f8AEqGQgEKhAIACoHCAowm52QCzC9haQDMNvvtgY?hl=en-IN&gl=IN&ceid=IN%3Aen,villages, 
Surat's hospitals and crematoriums overburdened in COVID-19 surge,https://news.google.com/articles/CAIiED_6Rzm6tNXRuI2-7OB2OBAqGQgEKhAIACoHCAowm52QCzC9haQDMNvvtgY?hl=en-IN&gl=IN&ceid=IN%3Aen,villages, 
How NEET deprived Tamil Nadu’s marginalised medical-aspirants and drove them to suicide,https://news.google.com/articles/CAIiEPbQHssoKilRe7DEgIisT6sqGQgEKhAIACoHCAowm52QCzC9haQDMNvvtgY?hl=en-IN&gl=IN&ceid=IN%3Aen,villages, 
They can fire bullets  we won't go back: Punjab farmers at Singhu border,https://news.google.com/articles/CBMibWh0dHBzOi8vY2FyYXZhbm1hZ2F6aW5lLmluL3BvbGl0aWNzL3B1bmphYi1mYXJtZXJzLWF0LXNpbmdodS1ib3JkZXItdGhleS1jYW4tZmlyZS1idWxsZXRzLXdlLXdpbGwtbm90LWdvLWJhY2vSAQA?hl=en-IN&gl=IN&ceid=IN%3Aen,villages, 
